year,T_HS_in_K,net_output_kW,eta_ex_percent,Ed_total_W,ratio_Ede_percent,ratio_Edt_percent,ratio_Edp_percent,ratio_Edmix_percent,ratio_Edc_percent,ratio_Edt_h_percent,ratio_Edt_l_percent,ratio_Edp_1_percent,ratio_Edp_2_percent,ratio_Ede_pre_percent,ratio_Ede_hp_percent,ratio_Ede_lp_percent,lmtd_hp_K,lmtd_lp_K,P_e_lp_kPa,P_e_hp_kPa
0,423.15,469.837245879883,4.95717862263971,8387168.63941167,65.2384741930163,2.43807184012664,0.167285952161422,0.130626452617413,32.0255415620782,1.13690987309637,1.30116196703027,0.0840302764276011,0.0832556757338211,2.86315733826806,61.8835338222503,0.491783032497899,22.4271862429325,6.07415382970292,883.509794107331,983.509794107331
0,423.15,469.833194911645,4.95713588151323,8387169.47656317,65.2384468900795,2.43803029043316,0.167282554176349,0.127953019390694,32.0282872459203,1.13690975961759,1.30112053081557,0.0840268867525558,0.083255667423793,2.86304598578741,61.883617209126,0.491783695166109,22.4271862429325,5.84887539043165,883.509794107331,983.509794107331
0,423.15,469.829177513868,4.95709349458339,8387170.30704751,65.238399119063,2.43798908761859,0.167279184661597,0.125322327440011,32.0310102812168,1.13690964704258,1.30107944057601,0.0840235254816485,0.0832556591799485,2.86293465792979,61.8836802648687,0.491784196264583,22.4271862429325,5.61733729902345,883.509794107331,983.509794107331
0,423.15,411.696662910062,4.34374650857634,8426679.37093231,44.0615551809364,1.96633620426573,0.129074180014973,0.749581447799105,53.0934529869838,0.911741073442345,1.05459513082339,0.0653505613397511,0.063723618675222,1.52560876169241,41.9141381165208,0.621808302723158,5.73111017859602,7.00501632393218,883.509794107331,983.509794107331
0,423.15,411.675000933727,4.34351795648313,8426688.86378147,44.0613913388413,1.96617133247729,0.129062445949949,0.731987745743101,53.1113871369883,0.911740046346101,1.05443128613119,0.0653388990607764,0.063723546889173,1.52534191777647,41.9142396126179,0.621809808446971,5.73111017859602,6.57514855763026,883.509794107331,983.509794107331
0,423.15,411.653668583614,4.34329288222417,8426698.21441129,44.0610986639655,1.96600899658197,0.129050893202009,0.714790845097367,53.1290506011531,0.911739034639802,1.05426996194216,0.065327417023247,0.0637234761787616,1.52507465002567,41.9142145769049,0.621809437034962,5.73111017859602,6.12380125676694,883.509794107331,983.509794107331
0,423.15,2133.88185902408,22.5142506847939,6758284.81821742,65.9681114822492,10.0389016767902,0.984455136029431,0.000435953177095803,23.0080957517541,8.09763965301897,1.94126202377122,0.138031288736149,0.846423847293282,3.79044774614809,62.0419741901638,0.135689545937323,29.87480117205,5.2979378283243,883.509794107331,1498.6273455805
0,423.15,2133.88175400869,22.5142495767931,6758284.92219306,65.9681063007801,10.0388955842689,0.984454361702785,0.000381842970619056,23.0081619102776,8.09763952843747,1.94125605583147,0.138030527431662,0.846423834271123,3.79042660072423,62.0419693170733,0.135710382982503,29.87480117205,5.15037796221251,883.509794107331,1498.6273455805
0,423.15,2133.88164956431,22.514248474817,6758285.02560334,65.9680976795816,10.0388895255839,0.984453591686925,0.000331493951123188,23.0082277091965,8.09763940453337,1.94125012105048,0.138029770367155,0.84642382131977,3.79040537377859,62.0419612089714,0.135731096831619,29.87480117205,5,883.509794107331,1498.6273455805
0,423.15,2009.36804811666,21.2005251190446,6863102.40422406,55.5589527269171,7.99813412131574,0.695937736108232,0.741707595699908,35.005267819959,6.41630867464164,1.5818254466741,0.102979414965449,0.592958321142783,2.44490280433471,50.7834343544051,2.33061556817736,23.717086350387,7.94079419790599,883.509794107331,1498.6273455805
0,423.15,2009.25442872374,21.1993263387634,6863117.65045947,55.5562604434313,7.99661147336741,0.695809451951546,0.65525777230402,35.0960608589457,6.41629442098063,1.58031705238678,0.102852448050082,0.592957003901464,2.44190774299837,50.7837238465285,2.33062885390445,23.717086350387,6.84256406727621,883.509794107331,1498.6273455805
0,423.15,2009.14552988014,21.1981773642531,6863132.50809255,55.5494731720128,7.99515491641183,0.695686855466972,0.576496650743665,35.1831884053647,6.41628053068372,1.57887438572811,0.102731135226808,0.592955720240164,2.43886106240374,50.7801473907917,2.33046471881739,23.717086350387,5.61619799459853,883.509794107331,1498.6273455805
0,423.15,1842.54095335716,19.4403587740581,7014805.28916501,38.8309652065438,6.44061318729477,0.532024561497872,3.57777100895144,50.6186260357121,5.10199694956198,1.33861623773279,0.0841597474669294,0.447864814030942,1.43778430007926,34.4836921645695,2.90948874189501,8.39657291080117,10.0390478062959,883.509794107331,1498.6273455805
0,423.15,1842.02668588004,19.4349328190785,7014992.22226317,38.8167972334579,6.43530006880596,0.531626970322484,3.12308008893236,51.0931956384812,5.10186099330339,1.33343907550257,0.083774090838949,0.447852879483534,1.43095306930655,34.4769262795262,2.90891788462518,8.39657291080117,8.18590811590446,883.509794107331,1498.6273455805
0,423.15,1841.54767602835,19.4298788617398,7015168.09212591,38.7817267773902,6.4303744648814,0.531259130480284,2.71991505497632,51.5367245722718,5.10173308994016,1.32864137494124,0.0834174786428166,0.447841651837467,1.42383221398113,34.4511513814095,2.90674318199949,8.39657291080117,6.01211217102613,883.509794107331,1498.6273455805
0,423.15,3049.69106588503,32.1768090759786,5851543.02924618,56.0117026556,15.9770366956137,1.89307390321565,0.00235740110940293,26.1158293444612,13.7834780396871,2.19355865592656,0.155690659973558,1.73738324324209,3.14307081825145,52.4367946854557,0.43183715189287,26.7417167914811,5.53924045009558,883.509794107331,2013.74489705367
0,423.15,3049.69027332857,32.1768007138404,5851543.81395555,56.0116505380889,15.9769869790248,1.89306762615203,0.00188813257896508,26.1164067241553,13.7834761912819,2.19351078774289,0.155684615898186,1.73738301025384,3.14294629797432,52.4367458943085,0.431958345806098,26.7417167914811,5.27406290413691,883.509794107331,2013.74489705367
0,423.15,3049.68948816157,32.1767924296673,5851544.59134863,56.011548612785,15.9769377614345,1.89306141264648,0.00147348036644278,26.1169787327675,13.7834743601108,2.19346340132366,0.15567863320854,1.73738277943794,3.14282021848334,52.4366504743163,0.432077919985432,26.7417167914811,5,883.509794107331,2013.74489705367
0,423.15,2888.20590384703,30.4730046199713,5993713.95745738,47.8076681340586,12.7368301327914,1.32426485638515,1.16143798266387,36.969798894101,10.920874655565,1.81595547722637,0.119035471126913,1.20522938525823,2.12287934491375,42.4541701998753,3.23061858926954,23.7098044396345,9.14986764355372,883.509794107331,2013.74489705367
0,423.15,2887.93646828686,30.4701618479035,5993732.38127104,47.7961142509382,12.7324803299747,1.32388881500756,0.938372951500444,37.2091436525791,10.920841086472,1.81163924350271,0.11866313443953,1.20522568056803,2.11602777113423,42.4498004162694,3.23028606353457,23.7098044396345,7.50730166144086,883.509794107331,2013.74489705367
0,423.15,2887.68348389541,30.4674926495201,5993751.38606086,47.7658712121299,12.7284166355947,1.32353837239773,0.747573697628728,37.4346000822489,10.9208064590282,1.80761017656657,0.118316513319661,1.20522185907807,2.1087908382632,42.4284211965557,3.228659177311,23.7098044396345,5.60234942458078,883.509794107331,2013.74489705367
0,423.15,2638.3471578474,27.8367844283828,6230727.74379085,35.5466896121024,10.1313060058058,0.993651017677388,5.08887914268146,48.239474221733,8.56047936751861,1.57082663828719,0.0999590884727529,0.893691929204635,1.38571094769195,29.8552909069307,4.30568775747974,10.1271190993801,11.9495016113117,883.509794107331,2013.74489705367
0,423.15,2637.17904575727,27.8244598620935,6231072.8436619,35.4865754169177,10.1164718877279,0.992489951950125,4.01814829883199,49.3863144445724,8.56000525649472,1.55646663123314,0.0988475187114758,0.89364243323865,1.36865029117386,29.8176638841779,4.30026124156595,10.1271190993801,9.24448641066097,883.509794107331,2013.74489705367
0,423.15,2636.12398675244,27.8133281010629,6231396.27967861,35.3345820759802,10.1032290804018,0.991459178589919,3.13923837740282,50.4314912876253,8.55956095575072,1.54366812465107,0.0978631292010527,0.893596049388867,1.34980244096562,29.7013001992343,4.28347943578022,10.1271190993801,5.932048525263,883.509794107331,2013.74489705367
0,423.15,3605.94263028493,38.0457315337737,5300798.90607798,47.7028402873488,20.9932715154556,2.92625225903952,0.00279751243053071,28.3748384257255,18.5913973973831,2.40187411807245,0.171016066655606,2.75523619238391,2.6635748766915,44.4557084726363,0.583556938021011,24.0921217060783,5.77076088080864,883.509794107331,2528.86244852683
0,423.15,3605.94109284418,38.045715312479,5300800.42829653,47.7026842123779,20.9931467412562,2.92623612511964,0.00186228319919723,28.376070638047,18.5913920585347,2.40175468272152,0.17100072395051,2.75523540116913,2.66332796496564,44.455563021687,0.583793225725314,24.0921217060783,5.39413919167989,883.509794107331,2528.86244852683
0,423.15,3605.93957440698,38.0456992916878,5300801.9316997,47.7023454993041,20.9930237568036,2.92622022576941,0.00112287582576572,28.3772876422971,18.5913867856801,2.40163697112349,0.170985606034795,2.75523461973461,2.66307435016158,44.4552473648084,0.584023784334157,24.0921217060783,5,883.509794107331,2528.86244852683
0,423.15,3475.60122406957,36.6705199297521,5412896.75911033,41.0789579949061,17.0295818814452,2.05147706863212,1.30225593452658,38.53772712049,15.0109626875004,2.01861919394475,0.133076153757839,1.91840091487428,1.84085373393899,35.9573557321688,3.28074852879832,22.5129324740133,9.67970370867945,883.509794107331,2528.86244852683
0,423.15,3475.25133013096,36.6668282540327,5412899.59009026,41.0585631946302,17.0230783026203,2.05090386727686,0.993876419507227,38.8735782159654,15.0109548366742,2.01212346594609,0.132503955738113,1.91839991153875,1.83238244290284,35.9464291629223,3.27975158880508,22.5129324740133,7.79814080054117,883.509794107331,2528.86244852683
0,423.15,3474.925391129,36.6633893230689,5412905.72901073,41.0047457637497,17.0170627091646,2.05037537935579,0.739939392312103,39.1878767554179,15.0109378123508,2.00612489681379,0.131977643525445,1.91839773583035,1.82303701720346,35.9056755194795,3.27603322706669,22.5129324740133,5.58468791859323,883.509794107331,2528.86244852683
0,423.15,3141.12433967015,33.1415071159492,5735993.24837179,33.3042038318115,13.2552721992686,1.49737832587077,5.6419968217858,46.3011488212633,11.4948107724092,1.76046142685937,0.113162506807368,1.3842158190634,1.3508553548875,26.8258133540694,5.12753512285463,11.2385632090938,13.1683870433167,883.509794107331,2528.86244852683
0,423.15,3139.44100409698,33.1237465080128,5736384.48617214,33.1765243658546,13.2304402247919,1.49536093486024,4.07919016567439,48.0184843088189,11.4940267934948,1.73641343129711,0.111239523267877,1.38412141159236,1.32380837074296,26.7413293076977,5.11138668741395,11.2385632090938,9.92781876026039,883.509794107331,2528.86244852683
0,423.15,3137.94321555375,33.1079435775026,5736763.75567835,32.854540104435,13.2087588862604,1.49361470744519,2.87425298215678,49.5688333197026,11.4932668992318,1.71549198702865,0.109584803027724,1.38402990441747,1.29230873013102,26.4974585839254,5.06477279037852,11.2385632090938,5.87038993192173,883.509794107331,2528.86244852683
0,423.15,3920.56211109763,41.3652320166057,4989294.46962974,41.2947548510444,24.9331418869246,4.05701538746465,0.000502236122344686,29.714585638444,22.3698959591066,2.56324592781805,0.184274873647263,3.87274051381739,2.33852803342096,38.3109592270567,0.645267590566732,21.7765428434093,5.99362278832258,883.509794107331,3043.98
0,423.15,3920.56098749159,41.3652201616157,4989295.58211096,41.2944450223207,24.9329379848796,4.05698752276308,6.12013310020819e-05,29.7155682687056,22.3698909712102,2.56304701366934,0.184247872464606,3.87273965029848,2.33816835498209,38.3106717853309,0.645604882007707,21.7765428434093,5.51088939850817,883.509794107331,3043.98
0,423.15,3920.55987536171,41.3652084277089,4989296.68322965,41.2937183859754,24.9327378233607,4.05696017835798,4.34018642858654e-05,29.7165402104416,22.3698860342609,2.56285178909986,0.184221382758323,3.87273879559965,2.33779156992708,38.3099976528533,0.645929163194962,21.7765428434093,5,883.509794107331,3043.98
0,423.15,4001.65040172508,42.2207817721216,4892103.74782131,32.9817912050206,21.9716225926121,3.01435000518665,0.973938241693253,41.0582979554873,19.7441231235125,2.22749946909968,0.147330972336371,2.86701903285028,1.47884340607696,29.4741264343852,2.02882136455843,18.8933909916415,8.83358992391652,883.509794107331,3043.98
0,423.15,4001.44982949491,42.2186655661791,4892096.66428091,32.9711593092155,21.9674069296201,3.01397520347576,0.7794004248877,41.2680581328009,19.7441517121327,2.2232552174874,0.146952019308258,2.8670231841675,1.47473219391541,29.4680256892938,2.02840142600627,18.8933909916415,7.31841692305301,883.509794107331,3043.98
0,423.15,4001.26045859185,42.2166675436711,4892091.34424073,32.9430193315272,21.9634434199676,3.01362340531256,0.613245047053304,41.4666687961393,19.7441731834572,2.21927023651039,0.146597103321321,2.86702630199124,1.47007212168026,29.4460579132492,2.02688929659777,18.8933909916415,5.57525970788665,883.509794107331,3043.98
0,423.15,3539.6427579484,37.3462120454562,5343362.23872578,30.4382721007564,16.3549456307209,2.09088206650385,5.38714408701024,45.7287561150086,14.430062815635,1.92488281508592,0.124633756541953,1.96624830996189,1.26535236523809,24.154880736994,5.01803899852428,11.4955024114603,13.5100751848505,883.509794107331,3043.98
0,423.15,3537.86074003256,37.3274102556981,5343682.94480562,30.2726356536824,16.3253214959574,2.08840714895037,3.69452098415649,47.6191147172533,14.4291967820538,1.89612471390363,0.122276845201414,1.96613030374895,1.23571071208849,24.0422784312298,4.99464651036418,11.4955024114603,10.1091590536589,883.509794107331,3043.98
0,423.15,3536.27846872231,37.3107159608478,5344010.81254856,29.8548801475939,16.299590342105,2.08627703614158,2.43316814599235,49.3260843281672,14.4283115165955,1.87127882550958,0.12026735915175,1.96600967698983,1.1995061155018,23.7263581600445,4.92901587204752,11.4955024114603,5.82415568050441,883.509794107331,3043.98
0,423.15,2018.73234337575,21.2993263202723,6772841.8106763,55.8680452485397,8.09340966476571,0.705334837320019,0.0922201133923458,35.2409901359822,0.811835449933113,7.28157421483259,0.605419846648973,0.0999149906710455,9.56288942604085,46.0088746256504,0.296281196848505,19.7061821958797,7.67707425476479,1398.6273455805,1498.6273455805
0,423.15,2018.71568844508,21.2991505967275,6772846.00325212,55.8680278470206,8.09323405353509,0.705316001375313,0.0906141430208628,35.2428079550482,0.811834947384897,7.28139910615019,0.605401072554363,0.0999149288209497,9.56264556640804,46.0090996347832,0.296282645829288,19.7061821958797,7.4947115831715,1398.6273455805,1498.6273455805
0,423.15,2018.69918876178,21.2989765111734,6772850.15695448,55.8680011054739,8.09306008423595,0.705297341952697,0.0890325536522891,35.2446089146852,0.811834449496909,7.28122563473904,0.605382474408295,0.099914867544402,9.56240236350651,46.0093147111211,0.296284030846316,19.7061821958797,7.30854927350454,1398.6273455805,1498.6273455805
0,423.15,1861.32539712126,19.6385504752955,6829888.99855501,38.7526897367632,6.58190873630523,0.546403852867232,0.549079676934936,53.5699179971294,0.663397799280485,5.91851093702475,0.469913642289254,0.0764902105779789,5.3925241074827,32.9521031542842,0.408062474996353,5.48552478870925,9.68631598135194,1398.6273455805,1498.6273455805
0,423.15,1861.23942501657,19.6376433971886,6829917.89011427,38.7524094397945,6.58116615639477,0.546334610385319,0.53753000540759,53.5825597880178,0.663394993010023,5.91777116338475,0.469844723372204,0.0764898870131151,5.39182389912016,32.9525179293101,0.408067611364216,5.48552478870925,9.29731336994609,1398.6273455805,1498.6273455805
0,423.15,1861.15496907442,19.6367523158734,6829946.27564481,38.7520679282663,6.58043674448358,0.546266599996276,0.526248369696477,53.5949803575573,0.663392235913837,5.91704450856974,0.469777030878197,0.0764895691180782,5.39112692478312,32.952869044088,0.408071959395193,5.48552478870925,8.89253308450004,1398.6273455805,1498.6273455805
0,423.15,2756.16391508106,29.0798504378765,6045520.995155,49.4702990251494,11.9370559771311,1.21191141013054,0.397586702213402,36.9831468853755,3.77392467881485,8.16313129831628,0.682984541967064,0.52892686816348,8.51665991187298,39.8011513928639,1.15248772041253,19.9081382071112,8.79504658139634,1398.6273455805,1884.96550918537
0,423.15,2755.85733265952,29.0766157351375,6045589.20928427,49.4697871075753,11.9333077956994,1.21150021762795,0.366369989752581,37.0190348893448,3.77388209653263,8.15942569916678,0.682579317499098,0.52892090012885,8.51246778225727,39.8047280390374,1.15259128628062,19.9081382071112,8.05858613780935,1398.6273455805,1884.96550918537
0,423.15,2755.56257408045,29.0735057838941,6045654.87528977,49.4684012654081,11.929706141743,1.21110526948267,0.337215533713396,37.0535717896528,3.77384110580993,8.15586503593307,0.682190114326611,0.528915155156063,8.50828699503083,39.8074443307723,1.15266993960496,19.9081382071112,7.26333224701178,1398.6273455805,1884.96550918537
0,423.15,2579.98661605655,27.2210315635168,6139102.74693594,35.0767285924916,9.93022456345744,0.952675230212547,2.20286698522636,51.8375046286121,3.07151988248414,6.8587046809733,0.550810555615224,0.401864674597323,5.10455205077955,28.3472511549797,1.62492538673233,6.96456095393355,11.7267266722513,1398.6273455805,1884.96550918537
0,423.15,2578.46973314584,27.2050271713491,6139565.59936593,35.069797089321,9.91472212956391,0.951174952240172,1.99654856341617,52.0677572654588,3.07128832531314,6.84343380425077,0.549340573604045,0.401834378636126,5.09222891136042,28.3523504865768,1.62521769138375,6.96456095393355,10.277701171718,1398.6273455805,1884.96550918537
0,423.15,2577.05744527516,27.1901263449397,6139997.73252282,35.0573181930375,9.9003146789719,0.949782347385124,1.8098672069973,52.2827175736082,3.07107216798255,6.82924251098936,0.547976249860189,0.401806097524935,5.07991208530983,28.3521972028942,1.62520890483348,6.96456095393355,8.62598629993729,1398.6273455805,1884.96550918537
0,423.15,3282.25580509768,34.6305629316264,5528190.54590191,43.8154058976659,15.4599130697972,1.77342717089534,0.590687508196093,38.3605663534455,6.50475555768547,8.9551575121117,0.753497436723441,1.0199297341719,7.5982173920063,34.6408950128371,1.57629349282246,19.4692501668833,9.47621483674093,1398.6273455805,2271.30367279025
0,423.15,3281.55955926971,34.6232169517902,5528327.95558604,43.8138893012743,15.450334882034,1.77235338466551,0.517211974794471,38.4462104572318,6.50459387834703,8.94574100368698,0.752449001417745,1.01990438324777,7.58936959477433,34.6479071352328,1.57661257126715,19.4692501668833,8.40220387375161,1398.6273455805,2271.30367279025
0,423.15,3280.90280456225,34.6162876365333,5528458.06139119,43.8089296862687,15.4413115886679,1.77134283932456,0.451227638163375,38.5271882475754,6.50444080032522,8.93687078834271,0.751462458335556,1.019880380989,7.5804302028934,34.651713698873,1.57678578450236,19.4692501668833,7.20661654298644,1398.6273455805,2271.30367279025
0,423.15,3084.94458973119,32.5487634416986,5656544.33347655,32.1305215242049,12.9459142298363,1.39026331599003,3.22121569722293,50.3120852327458,5.25104488225432,7.69486934758199,0.624243730002023,0.766019585988002,4.8514083375736,24.872790422376,2.40632276425528,8.0105966936339,13.0455865224682,1398.6273455805,2271.30367279025
0,423.15,3081.29107083535,32.5102157404963,5657560.54877739,32.1087552278093,12.9033565347596,1.38600184262423,2.72541055575881,50.8764758390481,5.25010168560467,7.65325484915493,0.620119849653101,0.765881992971133,4.8216389185638,24.8800875801005,2.40702872914497,8.0105966936339,10.9357914010246,1398.6273455805,2271.30367279025
0,423.15,3078.00845424269,32.4755813709521,5658481.28726397,32.062536361369,12.8652916411329,1.38220245848762,2.30270734716951,51.387262191841,5.24924739795487,7.616044243178,0.61644508853657,0.76575736995105,4.79109301739088,24.8657971455939,2.40564619838423,8.0105966936339,8.41202192771294,1398.6273455805,2271.30367279025
0,423.15,3728.56128684527,39.3394616251363,5172714.53450941,45.8530656792137,22.0297532730179,3.29478011201934,3.04568269276108e-05,28.8223704789221,10.5421737305016,11.4875795425163,1.07165786532038,2.22312224669897,10.1379315734784,35.6653680541922,0.0497660515431674,23.4855303327836,5.78300263603396,1398.6273455805,2657.64183639512
0,423.15,3728.56369159921,39.3394869973156,5172712.15356491,45.8530007393129,22.0297107327393,3.29477057183912,5.10147085276462e-06,28.8225128546378,10.5421785829523,11.487532149787,1.07164730186058,2.22312326997854,10.1378126185326,35.6653175427284,0.0498705780519066,23.4855303327836,5.4005237310005,1398.6273455805,2657.64183639512
0,423.15,3728.56604427739,39.3395118200517,5172709.82418059,45.8529165414974,22.0296691055535,3.29476123697276,9.15579076991806e-07,28.8226522003972,10.5421833303258,11.4874857752278,1.07163696587321,2.22312427109955,10.1376916591542,35.6652520521002,0.0499728302430865,23.4855303327836,5,1398.6273455805,2657.64183639512
0,423.15,3686.30075327192,38.893577405764,5131269.5807895,38.5428388321565,18.8015522161405,2.39960604198015,0.625150694878631,39.6308522148442,9.12504582967919,9.67650638646134,0.818095569196416,1.58151047278373,6.72678290588218,30.2752000713474,1.54085585492695,18.2205391330345,9.63461111747194,1398.6273455805,2657.64183639512
0,423.15,3685.47215719901,38.8848350193835,5131414.96125005,38.5410254087633,18.7889822582477,2.39816892575279,0.534919779614099,39.736903627622,9.12478730383881,9.66419495440893,0.816703259464469,1.58146566628832,6.7171709717918,30.2826208991258,1.54123353784577,18.2205391330345,8.46420258165908,1398.6273455805,2657.64183639512
0,423.15,3684.69496530987,38.8766349904324,5131552.11399608,38.5341274803066,18.7772107308689,2.39682478591624,0.455156432434969,39.8366805704733,9.12454342253196,9.65266730833694,0.815401388000927,1.58142339791531,6.70727457491551,30.2854741513176,1.54137875407341,18.2205391330345,7.1502236776897,1398.6273455805,2657.64183639512
0,423.15,3460.02023495562,36.5061273728985,5299271.83534453,29.5928444684886,15.6918577609127,1.85675579547094,3.70056011181315,49.1579818633146,7.26089977687155,8.43095798404115,0.689943936943932,1.16681185852701,4.60196882381993,22.1702068046746,2.82066883999406,8.6801191899039,13.837683678585,1398.6273455805,2657.64183639512
0,423.15,3454.48330136843,36.4477080605641,5300681.30543616,29.5528866987646,15.6202499863546,1.84936416302613,2.95530793687033,50.0221912149843,7.25896907768703,8.36128090866752,0.682862563939826,1.16650159908631,4.55688210047169,22.1747568638305,2.82124773446241,8.6801191899039,11.3269059829531,1398.6273455805,2657.64183639512
0,423.15,3449.61613547259,36.3963553614256,5301939.90546009,29.4603958176278,15.5577520551281,1.84294625560182,2.34781562499819,50.7910902466441,7.25724590865497,8.30050614647311,0.676721566281886,1.16622468931994,4.50892637168404,22.1352483027182,2.8162211432256,8.6801191899039,8.23726190538465,1398.6273455805,2657.64183639512
0,423.15,3947.78109341677,41.6524152028381,4955665.2210723,41.1978597388381,24.8474795969392,4.18976810628577,3.62616410513547e-09,29.7648925543108,12.8256066914463,12.0218729054929,1.13295108976936,3.05681701651641,9.22558866068061,31.8737634380018,0.0985076401557078,21.7765428434093,6.00218505955857,1398.6273455805,3043.98
0,423.15,3947.79151146117,41.6525251219802,4955654.90617683,41.1976807148074,24.847396360662,4.18974398513128,4.11510175442051e-05,29.7651377883818,12.8256333871696,12.0217629734924,1.13292060603544,3.05682337909584,9.22528114220142,31.8736249315444,0.0987746410616015,21.7765428434093,5.51539608704751,1398.6273455805,3043.98
0,423.15,3947.80163001744,41.6526318812703,4955644.88780431,41.1974274645659,24.8473152889287,4.18972051827555,0.000160221940498106,29.7653765062893,12.8256593155757,12.021655973353,1.13289095948039,3.05682955879516,9.22496437529763,31.8734289981066,0.0990340911616673,21.7765428434093,5,1398.6273455805,3043.98
0,423.15,4045.61952029529,42.6846930021144,4775908.15867055,32.6848678841682,22.3690717263665,3.15801143746092,0.377480783034771,41.4105681689696,11.99218423442,10.3768874919465,0.879840223852084,2.27817121360884,5.70907985941742,26.1585881542333,0.817199870517472,15.1594713352387,8.74650322382379,1398.6273455805,3043.98
0,423.15,4045.29905708711,42.6813118453864,4775958.70692042,32.6846560089697,22.3637652341557,3.15739565357256,0.340529269228659,41.4536538340734,11.9920573103902,10.3717079237655,0.879248551890731,2.27814710168183,5.70592372369435,26.1614432218373,0.817289063438073,15.1594713352387,7.96949293879379,1398.6273455805,3043.98
0,423.15,4044.99176805881,42.678069687351,4776007.31365463,32.6830462941309,22.3586800634374,3.15680584365378,0.306447025637689,41.4950207731403,11.9919352639392,10.3667447994981,0.878681927298814,2.27812391635496,5.70265522652259,26.1630517533043,0.817339314304014,15.1594713352387,7.12688256265116,1398.6273455805,3043.98
0,423.15,3769.03857849681,39.7665311404566,5002599.36540542,26.7409530489556,18.3618967026451,2.37697303298084,3.62569142888685,48.8944857865316,9.28322689728771,9.07866980535739,0.747776986320297,1.62919604666054,4.23946666179982,19.7754371310326,2.72604925612325,8.78328416332426,13.972494803966,1398.6273455805,3043.98
0,423.15,3762.98072462177,39.7026156803866,5004023.76891911,26.6934990714854,18.2763939395028,2.3679227421684,2.80731682525277,49.8548674215906,9.28058441163586,8.99580952786694,0.739190448815296,1.6287322933531,4.19198443501606,19.7754619579491,2.72605267852028,8.78328416332426,11.3541689413885,1398.6273455805,3043.98
0,423.15,3757.68941274376,39.6467878839371,5005294.02793138,26.5778454351241,18.2023102628997,2.36012749847306,2.1538684556504,50.7058483478528,9.27822915619588,8.92408110670379,0.731808549843099,1.62831894862996,4.13951782067781,19.7199300273017,2.71839758714459,8.78328416332426,8.10473999258742,1398.6273455805,3043.98
0,423.15,2897.01397274965,30.5659371647061,5826429.06687489,48.1625514748389,13.0605360323444,1.36366944504332,0.0627677125698308,37.3504753352036,0.634710001589147,12.4258260307553,1.24696024642791,0.116709198615403,13.1879983230347,34.8067147939107,0.167838357893463,17.5642414230487,8.66263500617729,1913.74489705367,2013.74489705367
0,423.15,2896.99476906652,30.5657345496766,5826431.99244881,48.1626071845014,13.0603273497491,1.36364206968253,0.0618766584505005,37.3515467376165,0.634709682887919,12.4256176668612,1.24693292966927,0.116709140013262,13.18780858834,34.8069590604123,0.167839535749194,17.5642414230487,8.53510642050479,1913.74489705367,2013.74489705367
0,423.15,2896.97576822047,30.565534074749,5826434.88707604,48.1626585940431,13.0601208744567,1.36361498426155,0.0609986780741579,37.3526068691645,0.634709367558225,12.4254115068985,1.24690590223048,0.116709082031072,13.1876198443329,34.8071980614952,0.16784068821502,17.5642414230487,8.40579657683042,1913.74489705367,2013.74489705367
0,423.15,2661.99860450853,28.0863271089838,5868818.46283133,34.8254566702513,10.6604504992562,1.05647145480795,0.428240841531508,53.0293805341531,0.52747086150502,10.1329796377511,0.967157820756439,0.0893136340515126,7.92471869842132,26.6167855168195,0.283952455010475,5.31567642192537,11.3558888470229,1913.74489705367,2013.74489705367
0,423.15,2661.874286632,28.0850154506907,5868838.52888067,34.8252950746977,10.6592892329054,1.05633859582423,0.419511152835551,53.0395659437371,0.527469058038068,10.1318201748673,0.967025267143491,0.0893133286807345,7.9238638641071,26.6174714380542,0.283959772536418,5.31567642192537,11.0302384766457,1913.74489705367,2013.74489705367
0,423.15,2661.75281975199,28.0837338728119,5868858.13683603,34.8250973994334,10.658154678715,1.0562088007348,0.411019727157162,53.0495193939596,0.527467295754928,10.1306873829601,0.966895770451422,0.0893130302833767,7.92301964608327,26.6181111561904,0.283966597159744,5.31567642192537,10.6941562160863,1913.74489705367,2013.74489705367
0,423.15,3239.35313069283,34.1779035856958,5492927.40356122,44.3643288698867,15.4354760109358,1.76984563607682,0.188921163607745,38.241428319493,2.21757357437125,13.2179024365646,1.33230778429709,0.437537851779729,12.2121161880068,31.672698060195,0.479514621684954,17.1184746667977,9.11136578613293,1913.74489705367,2271.30367279025
0,423.15,3239.17091089021,34.1759810133198,5492953.02632398,44.364934396658,15.4333450207503,1.76956208869783,0.180338973004943,38.251819520889,2.21756323014268,13.2157817906076,1.33202627788377,0.437535810814055,12.2104539746591,31.6749319794831,0.479548442515761,17.1184746667977,8.72809571194199,1913.74489705367,2271.30367279025
0,423.15,3238.9944925791,34.174119651565,5492977.82986159,44.3654009588987,15.4312821790188,1.76928764696041,0.172144978729844,38.2618842363923,2.21755321673744,13.2137289622813,1.33175381183901,0.437533835121402,12.2088119955626,31.6770090742629,0.47957988907316,17.1184746667977,8.32885024105929,1913.74489705367,2271.30367279025
0,423.15,3014.74982105306,31.8081495168474,5547490.20939349,32.5542069296979,12.8615049605559,1.39376557141648,1.31670050580064,51.8738220325291,1.83703457933996,11.0244703812159,1.06082957146443,0.332935999952059,7.61669976272034,24.0624420228741,0.875065144103406,5.99056239743255,12.4586858058899,1913.74489705367,2271.30367279025
0,423.15,3013.46227521244,31.794564823908,5547681.12909275,32.5526681480129,12.848432967083,1.39223428692749,1.2277078375768,51.9789567603998,1.83697135903561,11.0114616080473,1.05930974474301,0.33292454218448,7.60817883128886,24.0691791667412,0.87531014998283,5.99056239743255,11.4885791307107,1913.74489705367,2271.30367279025
0,423.15,3012.2634265178,31.7819159605559,5547859.06620941,32.5497493518686,12.8362697718764,1.39081044156557,1.14614338201422,52.0770270526753,1.83691244164367,10.9993573302327,1.05789657730791,0.332913864257662,7.59990427734287,24.0743469892797,0.87549808524601,5.99056239743255,10.4269810662422,1913.74489705367,2271.30367279025
0,423.15,3522.52376261561,37.165592227745,5217771.86415791,40.7922653059967,17.6989604196895,2.20086278901257,0.251477492928442,39.0564339923728,3.74252381245546,13.9564366072341,1.41237574305369,0.788487045958882,11.2856460684656,28.8983559020967,0.608263335434409,16.3524969316734,9.31394957444032,1913.74489705367,2528.86244852683
0,423.15,3522.1846066699,37.1620138468939,5217816.1195887,40.7935583236702,17.6947317743959,2.200292620688,0.235308767127234,39.0761085141186,3.74249206986436,13.9522397045315,1.41181226236109,0.788480358326913,11.2828157191386,28.9023942680693,0.608348336462307,16.3524969316734,8.79852962819923,1913.74489705367,2528.86244852683
0,423.15,3521.86001887399,37.1585891722918,5217858.46262461,40.7944657063626,17.6906859028409,2.19974724118203,0.220147213581514,39.094953936033,3.74246169945909,13.9482242033818,1.41127328139053,0.788473959791505,11.2800164780179,28.9060244817946,0.608424746550008,16.3524969316734,8.2542454196206,1913.74489705367,2528.86244852683
0,423.15,3303.49620992948,34.8546670904426,5285848.06107799,30.4845273722844,14.9325799926431,1.74381412649519,1.91974013068449,50.9193383778928,3.08294839999859,11.8496315926445,1.14868898628813,0.595125140207066,7.30465629029381,21.8972079699182,1.28266311207237,6.48471798755986,13.2049949488402,1913.74489705367,2528.86244852683
0,423.15,3300.48380481993,34.8228836796067,5286261.13104816,30.481328194193,14.8997319116913,1.73988274371854,1.71510070505506,51.1639564453421,3.08270749752101,11.8170244141703,1.14480410676166,0.595078636956882,7.28552488272342,21.9122585860797,1.28354472538996,6.48471798755986,11.7979692742784,1913.74489705367,2528.86244852683
0,423.15,3297.77300415238,34.7942824496334,5286633.80956343,30.4725691760798,14.8702242901485,1.73635679023868,1.53578788766383,51.3850618558693,3.08249018365086,11.7877341064976,1.14132010304244,0.595036687196244,7.26694135748857,21.9215394520035,1.28408836658773,6.48471798755986,10.1983720423693,1913.74489705367,2528.86244852683
0,423.15,3763.675254994,39.7099435607201,4983223.71149475,37.3380875969425,19.8909287768563,2.66272229242786,0.234499355912149,39.8737619778612,5.24486776441895,14.6460610124374,1.48724150586302,1.17548078656483,10.3723268808103,26.4263143308694,0.53944638526281,15.132223293599,9.21377354282659,1913.74489705367,2786.42122426342
0,423.15,3763.36177318044,39.7066360635848,4983261.76973668,37.3394718094498,19.8867923637712,2.66215788084842,0.219339900986932,39.8922380449436,5.24482770823576,14.6419646555355,1.48668607168317,1.17547180916524,10.369970602054,26.4299799941126,0.539521213283145,15.132223293599,8.71505724532947,1913.74489705367,2786.42122426342
0,423.15,3763.06139021926,39.7034667703736,4983298.22829301,37.340481953547,19.8828298516677,2.6616173347869,0.20511408823044,39.9099567717679,5.24478933629059,14.6380405153771,1.48615412554949,1.17546320923741,10.3676256184712,26.4332680029186,0.539588332157267,15.132223293599,8.18921543285198,1913.74489705367,2786.42122426342
0,423.15,3544.6964882935,37.3995331566516,5067076.35920934,28.5071641873691,16.8880204752869,2.10729129857204,2.24757929758815,50.2499447411838,4.28529681152224,12.6027236637647,1.22960451631383,0.877686782258207,6.96576046229974,20.0366060919522,1.5047976331171,6.77674722973921,13.6342224023,1913.74489705367,2786.42122426342
0,423.15,3540.1277259206,37.351328865984,5067659.61158836,28.5031494316206,16.8350367131115,2.10082803844511,1.94189418830241,50.6190916285203,4.28480360366069,12.5502331094509,1.2232422718318,0.877585766613309,6.93811760669808,20.0585836257983,1.50644819912421,6.77674722973921,11.9576376869259,1913.74489705367,2786.42122426342
0,423.15,3536.10542516887,37.3088902056285,5068175.17292382,28.4876021959266,16.7885162917513,2.09516752805406,1.68231054721063,50.9464034370575,4.28436773098606,12.5041485607652,1.21767103406342,0.877496493990643,6.91094444856054,20.0693974070834,1.50726034028266,6.77674722973921,10.0055516178276,1913.74489705367,2786.42122426342
0,423.15,3965.35322858079,41.8378160273855,4791399.20822104,34.2655802446929,21.982652393036,3.14546640216927,0.281346918530755,40.324954041571,6.65584351031346,15.3268088827226,1.56324874145665,1.58221766071263,9.59176277322621,24.0424749554801,0.631342515986645,14.485921187424,9.35111627308252,1913.74489705367,3043.98
0,423.15,3964.85520924407,41.8325615039706,4791456.08297194,34.2680745180059,21.9757280730008,3.14450770157451,0.257400114716624,40.3542895927022,6.65576450521874,15.319963567782,1.56230882184073,1.58219887973378,9.58838916428687,24.0481926930072,0.631492660711878,14.485921187424,8.73241135450397,1913.74489705367,3043.98
0,423.15,3964.38317082423,41.827581101109,4791509.96548592,34.2697567602702,21.9691678760771,3.14359979270879,0.235341826050015,40.3821337448939,6.65568965839038,15.3134782176867,1.56141870545667,1.58218108725211,9.58500231183493,24.0531320820135,0.631622366421812,14.485921187424,8.07185247995801,1913.74489705367,3043.98
0,423.15,3753.30622338632,39.600541544865,4874384.07171701,26.3833348212393,18.7675199825163,2.49195332423708,2.25368663217139,50.103505239836,5.49649208048274,13.2710279020335,1.30121645588876,1.19073686834833,6.53408780575559,18.3673319899673,1.48191502551643,6.7510246529395,13.6590623857841,1913.74489705367,3043.98
0,423.15,3748.25164383647,39.5472114738443,4874988.4840412,26.3803218374739,18.7056752812417,2.48429209343057,1.91707950738689,50.512631280467,5.49581061270817,13.2098646685335,1.29370285538751,1.19058923804306,6.50552630446074,18.3909730934786,1.48382243953456,6.7510246529395,11.9098491780769,1913.74489705367,3043.98
0,423.15,3743.83173627094,39.5005777267542,4875519.39297392,26.3625701831567,18.6517608092355,2.47763251106467,1.63467098433608,50.873365512207,5.49521215853096,13.1565486507045,1.28717291961119,1.19045959145349,6.47692767041103,18.4010102539654,1.48463225878033,6.7510246529395,9.85835422271072,1913.74489705367,3043.98
0,423.15,3476.26279647947,36.6775000758271,5206480.5462925,41.3461114047691,17.6244804237633,2.13767422043798,0.0535709909671791,38.8381629600624,0.521711281388503,17.1027691423748,2.00104028439448,0.136633936043506,15.1948322737561,26.041932315191,0.109346815822034,15.8200613078617,9.08119604063162,2428.86244852683,2528.86244852683
0,423.15,3476.2328548612,36.6771841665386,5206483.79773465,41.3463200731024,17.6241528663529,2.13762387963638,0.0527845406986369,38.8391186402096,0.521710955580508,17.1024419107724,2.00099002892058,0.136633850715796,15.1946735893354,26.0422981319263,0.10934835184074,15.8200613078617,8.98313771677557,2428.86244852683,2528.86244852683
0,423.15,3476.20340986902,36.6768734970737,5206486.99478286,41.3465226416209,17.6238307471208,2.13757437526322,0.0520137063807547,38.8400585296143,0.521710635223407,17.1021201118974,2.00094060844757,0.136633766815652,15.1945165665286,26.0426562196859,0.109349855406444,15.8200613078617,8.88403519722071,2428.86244852683,2528.86244852683
0,423.15,3162.24008081941,33.3642959679277,5227479.75085801,31.6496244342864,14.3697140468955,1.64827450724258,0.327486682872771,52.0049003287028,0.439722052016628,13.9299919948788,1.54399101373024,0.10428349351234,9.82428615365598,21.6425778989201,0.182760381710364,5.14015458411278,12.3649683882051,2428.86244852683,2528.86244852683
0,423.15,3162.0896086401,33.3627083597142,5227483.57826008,31.6497524474265,14.3682720568345,1.64807942831476,0.32101506455158,52.0128810028727,0.439721730065718,13.9285503267688,1.54379601115558,0.104283417159186,9.82347517704823,21.6435090257829,0.182768244595352,5.14015458411278,12.1260939565349,2428.86244852683,2528.86244852683
0,423.15,3161.93831261199,33.3611120592021,5227487.4248285,31.6498591996033,14.3668222481502,1.64788330258052,0.314528318577904,52.020906931088,0.439721406503062,13.9271008416472,1.54359996215673,0.104283340423794,9.82265296012145,21.6444302159121,0.182776023569762,5.14015458411278,11.881792833067,2428.86244852683,2528.86244852683
0,423.15,3602.84432258411,38.0130417782561,5088259.26388655,39.644430400333,18.7476758587144,2.37941233730342,0.117321916097053,39.1111594875521,1.17973979519217,17.5679360635222,2.06111435438247,0.318297982920949,14.6304358280811,24.7783443868614,0.235650185390599,15.4706714317579,9.23427614106217,2428.86244852683,2657.64183639512
0,423.15,3602.69264528409,38.0114414550043,5088275.75788783,39.6455531125275,18.7459665256434,2.37914767780129,0.113361361608164,39.1159713224196,1.17973597098322,17.5662305546602,2.06085072666548,0.318296951135805,14.6296992691366,24.7801861423017,0.235667701089154,15.4706714317579,9.01578581863169,2428.86244852683,2657.64183639512
0,423.15,3602.54650874862,38.0098995914846,5088291.63749291,39.6466031950433,18.7443197711776,2.37889272485753,0.10957537111651,39.120608937805,1.17973228924824,17.5645874819294,2.06059676706688,0.318295957790642,14.6289779292299,24.7819408766251,0.235684389188332,15.4706714317579,8.79203313569541,2428.86244852683,2657.64183639512
0,423.15,3300.18418649918,34.8197224539959,5112366.75238304,30.5617527097073,15.4450384435881,1.85127884108033,0.668462873260256,51.473467132364,0.995792910049382,14.4492455335387,1.6083307962052,0.242948044875133,9.60844127541074,20.5794496769904,0.373861757306124,5.27902755722938,12.7063725109695,2428.86244852683,2657.64183639512
0,423.15,3299.50739238309,34.8125817061016,5112382.85341052,30.5625312514011,15.4383487247777,1.8503642113727,0.639853445491778,51.5089023669567,0.995789773881873,14.4425589508958,1.60741693164236,0.242947279730335,9.60496290311633,20.583630636524,0.373937711760833,5.27902755722938,12.2186875331198,2428.86244852683,2657.64183639512
0,423.15,3298.87480474148,34.8059073737419,5112397.86274549,30.5630484047275,15.4320974241519,1.84950973524964,0.613292402901114,51.5420520329699,0.995786850372655,14.4363105737792,1.60656316878091,0.242946566468731,9.60164582885622,20.5873964514842,0.374006124387061,5.27902755722938,11.7077740691083,2428.86244852683,2657.64183639512
0,423.15,3718.97668588903,39.2383360132707,4980761.60664661,38.0066890147097,19.8452619717367,2.62651990430599,0.175117968656846,39.3464111405908,1.82219725320305,18.0230647185336,2.12039030237728,0.506129601928704,14.0880507653987,23.571540661387,0.347097587923927,15.132223293599,9.3638690818485,2428.86244852683,2786.42122426342
0,423.15,3718.62257892797,39.2345998866165,4980800.41892825,38.0094694900206,19.8411569330114,2.62587951514314,0.165946089877006,39.3575479719479,1.82218305395252,18.0189738790588,2.11975385716782,0.506125657975323,14.0864888392209,23.5758200477047,0.347160603095059,15.132223293599,9.03555242204868,2428.86244852683,2786.42122426342
0,423.15,3718.28772804173,39.2310669277683,4980837.05514609,38.0119812017331,19.8372758976303,2.62527416810846,0.157381038939868,39.3680876935882,1.82216965100547,18.0151062466248,2.11915223290697,0.506121935201489,14.0849681517207,23.5797939303737,0.347219119638757,15.132223293599,8.69515796648403,2428.86244852683,2786.42122426342
0,423.15,3425.81635317974,36.1452476149875,5006991.91504373,29.4918660080192,16.4824259804219,2.0562828600977,0.916897829474122,51.052527321987,1.5426398572406,14.9397861231813,1.66938187076239,0.386900989335311,9.37683364206235,19.6020627716516,0.512969594305337,5.36219716044263,12.9390845591048,2428.86244852683,2786.42122426342
0,423.15,3424.47401879209,36.1310848567361,5007022.11479663,29.4938110854317,16.4687726788099,2.05439809231213,0.861011034856708,51.1220071085896,1.54263055283941,14.9261421259705,1.66749943656233,0.386898655749797,9.37027585221187,19.6103488004679,0.513186432751875,5.36219716044263,12.2685281564526,2428.86244852683,2786.42122426342
0,423.15,3423.25058357331,36.1181765848485,5007049.46038147,29.4949674615469,16.4563345801531,2.05268193366326,0.810571047862006,51.1854449767747,1.54262212789075,14.9137124522624,1.66578539092835,0.386896542734917,9.36410396549228,19.617490179387,0.513373316667592,5.36219716044263,11.5533142315428,2428.86244852683,2786.42122426342
0,423.15,3825.74444286713,40.3648257650312,4882903.49606958,36.4318282177375,20.9175467913814,2.87880432732512,0.226896954940355,39.5449237086156,2.44906306478582,18.4684837265956,2.17892413516384,0.699880192161288,13.5671423566906,22.4195663319186,0.4451195291282,14.8041139374366,9.47125343794052,2428.86244852683,2915.20061213171
0,423.15,3825.11904906847,40.3582273337731,4882973.03180804,36.4370323959245,20.9100983350777,2.87763344996579,0.210864443778502,39.5643713752535,2.44902818902311,18.4610701460546,2.17776322441412,0.699870225551668,13.5646635017177,22.4270997952081,0.445269098998664,14.8041139374366,9.04258827521514,2428.86244852683,2915.20061213171
0,423.15,3824.53773502492,40.3520939810536,4883037.45917369,36.4415827893482,20.9031773824063,2.8765458077332,0.19621911108279,39.5824749094295,2.4489958762596,18.4541815061467,2.1766848163509,0.699860991382299,13.5622520743613,22.4339260863594,0.44540462862747,14.8041139374366,8.5929660375531,2428.86244852683,2915.20061213171
0,423.15,3540.34542806682,37.3536258069669,4909620.33197003,28.4190747457417,17.4803476830752,2.26327450089436,1.06467213844512,50.7726309318436,2.08434408621212,15.3960035968631,1.72622671453789,0.537047786356474,9.12128755551008,18.7041622396135,0.593624950618104,5.37194966396781,13.0555949167199,2428.86244852683,2915.20061213171
0,423.15,3538.43846633051,37.3335057546801,4909661.03833356,28.4223900989411,17.4604335408822,2.26050202469111,0.986217532687548,50.8704568027981,2.08432680476083,15.3761067361214,1.72345869103763,0.537043333653477,9.11246494864249,18.7159268202938,0.593998330004783,5.37194966396781,12.2692159015144,2428.86244852683,2915.20061213171
0,423.15,3536.72826617992,37.3154617028275,4909697.14313048,28.424274039392,17.4425862536358,2.25801908660684,0.916705289926393,50.9584153304389,2.08431147709523,15.3582747765406,1.72097970224798,0.537039384358859,9.10420485341674,18.7257588122829,0.594310373692398,5.37194966396781,11.4205647241868,2428.86244852683,2915.20061213171
0,423.15,3924.07391921039,41.4022845497032,4793762.95037329,34.9188254997156,21.9648525579396,3.13611235827163,0.272600318549652,39.7076092655235,3.06030858584298,18.9045439720966,2.23677824170748,0.899334116564156,13.0672675397869,21.3205617447367,0.530996215192005,14.485921187424,9.55725012987792,2428.86244852683,3043.98
0,423.15,3923.11844606024,41.3922035033069,4793871.40285309,34.9272454633601,21.9531742522306,3.13426218597692,0.24841222620522,39.7369058722271,3.0602393520177,18.8929349002129,2.23494841518488,0.899313770792041,13.0639102738366,21.3320527858432,0.531282403680337,14.485921187424,9.03683993282155,2428.86244852683,3043.98
0,423.15,3922.24429614379,41.3829804855133,4793970.13184667,34.9343858529031,21.9424960330698,3.13257120880593,0.226775631193847,39.7637712740273,3.06017632818922,18.8823197048806,2.23327595885174,0.899295249954185,13.0606270091202,21.3422231437028,0.53153570008009,14.485921187424,8.48494338596807,2428.86244852683,3043.98
0,423.15,3644.70282001045,38.4546841776982,4818239.85467216,27.306532413061,18.4358879102629,2.47253329723089,1.08921378596955,50.6958325934757,2.62834397471181,15.8075439355511,1.77721948436462,0.695313812866271,8.82576521777454,17.8798452033437,0.600921991942742,5.27226625183119,13.0256589628205,2428.86244852683,3043.98
0,423.15,3642.60392266597,38.4325390431045,4818281.85724282,27.3107431210206,18.413436606176,2.46938592692854,1.00340290608166,50.8030314397932,2.62832106256039,15.7851155436157,1.77407817534478,0.695307751583759,8.81661269781664,17.8927739115546,0.601356511649316,5.27226625183119,12.2051349528836,2428.86244852683,3043.98
0,423.15,3640.73135023572,38.4127818269579,4818318.80240216,27.3131939420474,18.393421449124,2.46658233270103,0.92785312069123,50.8989491554364,2.62830090952684,15.7651205395971,1.77127991249046,0.695302420210571,8.80802688457901,17.9034516778037,0.601715379664721,5.27226625183119,11.316291542707,2428.86244852683,3043.98
0,423.15,3975.22030784948,41.9419220233396,4754836.07226381,33.645558774778,22.5059333732398,3.11643940675137,0.128711354255372,40.6033570909755,0.449866604587352,22.0560667686524,2.94898801013824,0.167451396613132,15.6361920676317,17.8574062848401,0.151960422306147,14.485921187424,8.44437137429426,2943.98,3043.98
0,423.15,3974.81146110372,41.937608345857,4754916.6484745,33.650718532079,22.5013168510992,3.11564204353437,0.122692795545049,40.6096297777424,0.449858981205284,22.0514578698939,2.94819348453124,0.167448559003135,15.6364762487031,17.8622407216652,0.152001561710707,14.485921187424,8.28830005372763,2943.98,3043.98
0,423.15,3974.4394401051,41.93368321102,4754989.84422221,33.6553758103342,22.4971170800742,3.11491672284199,0.11724706380351,40.6153433229461,0.449852056318886,22.0472650237553,2.94747074145161,0.167445981390379,15.6367166455865,17.866620334033,0.152038830714634,14.485921187424,8.12881962129639,2943.98,3043.98
0,423.15,3547.31389903797,37.4271490442871,4781534.24831222,28.3057234694098,18.049889625641,2.3538600256588,0.375264329220501,50.9152625500699,0.379800700214099,17.6700889254269,2.22799895042229,0.125861075236506,11.2503726711668,16.9114402237055,0.143910574537419,5,12.689383696474,2943.98,3043.98
0,423.15,3546.81984567567,37.4219363652423,4781515.39442513,28.3076892922122,18.0451921665248,2.35312889649626,0.362258467207021,50.9317311775598,0.3798021977978,17.665389968727,2.22726732497974,0.125861571516515,11.2489008210889,16.914848890001,0.143939581122222,5,12.4812053067586,2943.98,3043.98
0,423.15,3546.37027783166,37.4171930458796,4781498.17281699,28.309441099464,18.0409182299892,2.35246376686567,0.350450410200001,50.9467264934811,0.37980356573822,17.661114664251,2.22660174203127,0.125862024834405,11.2475464324561,16.9179288762557,0.143965790752248,5,12.2683982363313,2943.98,3043.98
0,423.15,3975.22030784948,41.9419220233396,4754836.07226381,33.645558774778,22.5059333732398,3.11643940675137,0.128711354255372,40.6033570909755,0.449866604587352,22.0560667686524,2.94898801013824,0.167451396613132,15.6361920676317,17.8574062848401,0.151960422306147,14.485921187424,8.44437137429426,2943.98,3043.98
0,423.15,3974.81146110372,41.937608345857,4754916.6484745,33.650718532079,22.5013168510992,3.11564204353437,0.122692795545049,40.6096297777424,0.449858981205284,22.0514578698939,2.94819348453124,0.167448559003135,15.6364762487031,17.8622407216652,0.152001561710707,14.485921187424,8.28830005372763,2943.98,3043.98
0,423.15,3974.4394401051,41.93368321102,4754989.84422221,33.6553758103342,22.4971170800742,3.11491672284199,0.11724706380351,40.6153433229461,0.449852056318886,22.0472650237553,2.94747074145161,0.167445981390379,15.6367166455865,17.866620334033,0.152038830714634,14.485921187424,8.12881962129639,2943.98,3043.98
0,423.15,3547.31389903797,37.4271490442871,4781534.24831222,28.3057234694098,18.049889625641,2.3538600256588,0.375264329220501,50.9152625500699,0.379800700214099,17.6700889254269,2.22799895042229,0.125861075236506,11.2503726711668,16.9114402237055,0.143910574537419,5,12.689383696474,2943.98,3043.98
0,423.15,3546.81984567567,37.4219363652423,4781515.39442513,28.3076892922122,18.0451921665248,2.35312889649626,0.362258467207021,50.9317311775598,0.3798021977978,17.665389968727,2.22726732497974,0.125861571516515,11.2489008210889,16.914848890001,0.143939581122222,5,12.4812053067586,2943.98,3043.98
0,423.15,3546.37027783166,37.4171930458796,4781498.17281699,28.309441099464,18.0409182299892,2.35246376686567,0.350450410200001,50.9467264934811,0.37980356573822,17.661114664251,2.22660174203127,0.125862024834405,11.2475464324561,16.9179288762557,0.143965790752248,5,12.2683982363313,2943.98,3043.98
0,423.15,3975.22030784948,41.9419220233396,4754836.07226381,33.645558774778,22.5059333732398,3.11643940675137,0.128711354255372,40.6033570909755,0.449866604587352,22.0560667686524,2.94898801013824,0.167451396613132,15.6361920676317,17.8574062848401,0.151960422306147,14.485921187424,8.44437137429426,2943.98,3043.98
0,423.15,3974.81146110372,41.937608345857,4754916.6484745,33.650718532079,22.5013168510992,3.11564204353437,0.122692795545049,40.6096297777424,0.449858981205284,22.0514578698939,2.94819348453124,0.167448559003135,15.6364762487031,17.8622407216652,0.152001561710707,14.485921187424,8.28830005372763,2943.98,3043.98
0,423.15,3974.4394401051,41.93368321102,4754989.84422221,33.6553758103342,22.4971170800742,3.11491672284199,0.11724706380351,40.6153433229461,0.449852056318886,22.0472650237553,2.94747074145161,0.167445981390379,15.6367166455865,17.866620334033,0.152038830714634,14.485921187424,8.12881962129639,2943.98,3043.98
0,423.15,3547.31389903797,37.4271490442871,4781534.24831222,28.3057234694098,18.049889625641,2.3538600256588,0.375264329220501,50.9152625500699,0.379800700214099,17.6700889254269,2.22799895042229,0.125861075236506,11.2503726711668,16.9114402237055,0.143910574537419,5,12.689383696474,2943.98,3043.98
0,423.15,3546.81984567567,37.4219363652423,4781515.39442513,28.3076892922122,18.0451921665248,2.35312889649626,0.362258467207021,50.9317311775598,0.3798021977978,17.665389968727,2.22726732497974,0.125861571516515,11.2489008210889,16.914848890001,0.143939581122222,5,12.4812053067586,2943.98,3043.98
0,423.15,3546.37027783166,37.4171930458796,4781498.17281699,28.309441099464,18.0409182299892,2.35246376686567,0.350450410200001,50.9467264934811,0.37980356573822,17.661114664251,2.22660174203127,0.125862024834405,11.2475464324561,16.9179288762557,0.143965790752248,5,12.2683982363313,2943.98,3043.98
0,423.15,3975.22030784948,41.9419220233396,4754836.07226381,33.645558774778,22.5059333732398,3.11643940675137,0.128711354255372,40.6033570909755,0.449866604587352,22.0560667686524,2.94898801013824,0.167451396613132,15.6361920676317,17.8574062848401,0.151960422306147,14.485921187424,8.44437137429426,2943.98,3043.98
0,423.15,3974.81146110372,41.937608345857,4754916.6484745,33.650718532079,22.5013168510992,3.11564204353437,0.122692795545049,40.6096297777424,0.449858981205284,22.0514578698939,2.94819348453124,0.167448559003135,15.6364762487031,17.8622407216652,0.152001561710707,14.485921187424,8.28830005372763,2943.98,3043.98
0,423.15,3974.4394401051,41.93368321102,4754989.84422221,33.6553758103342,22.4971170800742,3.11491672284199,0.11724706380351,40.6153433229461,0.449852056318886,22.0472650237553,2.94747074145161,0.167445981390379,15.6367166455865,17.866620334033,0.152038830714634,14.485921187424,8.12881962129639,2943.98,3043.98
0,423.15,3547.31389903797,37.4271490442871,4781534.24831222,28.3057234694098,18.049889625641,2.3538600256588,0.375264329220501,50.9152625500699,0.379800700214099,17.6700889254269,2.22799895042229,0.125861075236506,11.2503726711668,16.9114402237055,0.143910574537419,5,12.689383696474,2943.98,3043.98
0,423.15,3546.81984567567,37.4219363652423,4781515.39442513,28.3076892922122,18.0451921665248,2.35312889649626,0.362258467207021,50.9317311775598,0.3798021977978,17.665389968727,2.22726732497974,0.125861571516515,11.2489008210889,16.914848890001,0.143939581122222,5,12.4812053067586,2943.98,3043.98
0,423.15,3546.37027783166,37.4171930458796,4781498.17281699,28.309441099464,18.0409182299892,2.35246376686567,0.350450410200001,50.9467264934811,0.37980356573822,17.661114664251,2.22660174203127,0.125862024834405,11.2475464324561,16.9179288762557,0.143965790752248,5,12.2683982363313,2943.98,3043.98
0,423.15,3975.22030784948,41.9419220233396,4754836.07226381,33.645558774778,22.5059333732398,3.11643940675137,0.128711354255372,40.6033570909755,0.449866604587352,22.0560667686524,2.94898801013824,0.167451396613132,15.6361920676317,17.8574062848401,0.151960422306147,14.485921187424,8.44437137429426,2943.98,3043.98
0,423.15,3974.81146110372,41.937608345857,4754916.6484745,33.650718532079,22.5013168510992,3.11564204353437,0.122692795545049,40.6096297777424,0.449858981205284,22.0514578698939,2.94819348453124,0.167448559003135,15.6364762487031,17.8622407216652,0.152001561710707,14.485921187424,8.28830005372763,2943.98,3043.98
0,423.15,3974.4394401051,41.93368321102,4754989.84422221,33.6553758103342,22.4971170800742,3.11491672284199,0.11724706380351,40.6153433229461,0.449852056318886,22.0472650237553,2.94747074145161,0.167445981390379,15.6367166455865,17.866620334033,0.152038830714634,14.485921187424,8.12881962129639,2943.98,3043.98
0,423.15,3547.31389903797,37.4271490442871,4781534.24831222,28.3057234694098,18.049889625641,2.3538600256588,0.375264329220501,50.9152625500699,0.379800700214099,17.6700889254269,2.22799895042229,0.125861075236506,11.2503726711668,16.9114402237055,0.143910574537419,5,12.689383696474,2943.98,3043.98
0,423.15,3546.81984567567,37.4219363652423,4781515.39442513,28.3076892922122,18.0451921665248,2.35312889649626,0.362258467207021,50.9317311775598,0.3798021977978,17.665389968727,2.22726732497974,0.125861571516515,11.2489008210889,16.914848890001,0.143939581122222,5,12.4812053067586,2943.98,3043.98
0,423.15,3546.37027783166,37.4171930458796,4781498.17281699,28.309441099464,18.0409182299892,2.35246376686567,0.350450410200001,50.9467264934811,0.37980356573822,17.661114664251,2.22660174203127,0.125862024834405,11.2475464324561,16.9179288762557,0.143965790752248,5,12.2683982363313,2943.98,3043.98
