year,R1234YF_HP_K,R1234YF_LP_K,R1234ZEE_HP_K,R1234ZEE_LP_K,R227EA_HP_K,R227EA_LP_K,R236EA_HP_K,R236EA_LP_K,R245FA_HP_K,R245FA_LP_K,R600A_HP_K,R600A_LP_K,R600_HP_K,R600_LP_K,R601A_HP_K,R601A_LP_K,R601_HP_K,R601_LP_K
0,17.26,5.1,17.94,5.11,16.05,5.0,27.83,23.1,31.28,26.43,26.85,23.81,30.86,26.83,33.44,27.8,34.12,28.72
1,17.26,5.1,17.94,5.11,16.05,5.0,27.83,23.1,31.28,26.43,26.85,23.81,30.86,26.83,33.44,27.8,34.12,28.72
2,17.26,5.1,17.94,5.11,16.05,5.0,27.83,23.1,31.28,26.43,26.85,23.81,30.86,26.83,33.44,27.8,34.12,28.72
3,17.26,5.1,17.94,5.11,16.05,5.0,27.83,23.1,31.28,26.43,26.85,23.81,30.86,26.83,33.44,27.8,34.12,28.72
4,17.26,5.1,17.94,5.11,16.05,5.0,27.83,23.1,31.28,26.43,26.85,23.81,30.86,26.83,33.44,27.8,34.12,28.72
5,17.26,5.1,17.94,5.11,16.05,5.0,27.83,23.1,31.28,26.43,26.85,23.81,30.86,26.83,33.44,27.8,34.12,28.72
6,17.26,5.1,17.94,5.11,16.05,5.0,27.83,23.1,31.28,26.43,26.85,23.81,30.86,26.83,33.44,27.8,34.12,28.72
7,17.26,5.1,17.94,5.11,16.05,5.0,27.83,23.1,31.28,26.43,26.85,23.81,30.86,26.83,33.44,27.8,34.12,28.72
8,17.26,5.1,17.94,5.11,16.05,5.0,27.83,23.1,31.28,26.43,26.85,23.81,30.86,26.83,33.44,27.8,34.12,28.72
9,17.26,5.1,17.94,5.11,16.05,5.0,27.83,23.1,31.28,26.43,26.85,23.81,30.86,26.83,33.44,27.8,34.12,28.72
10,17.26,5.1,17.94,5.11,16.05,5.0,27.83,23.1,31.28,26.43,26.85,23.81,30.86,26.83,33.44,27.8,34.12,28.72
11,17.26,5.1,17.94,5.11,16.05,5.0,27.83,23.1,31.28,26.43,26.85,23.81,30.86,26.83,33.44,27.8,34.12,28.72
12,17.26,5.1,17.94,5.11,16.05,5.0,27.83,23.1,31.28,26.43,26.85,23.81,30.86,26.83,33.44,27.8,34.12,28.72
13,17.26,5.1,17.94,5.11,16.05,5.0,27.83,23.1,31.28,26.43,26.85,23.81,30.86,26.83,33.44,27.8,34.12,28.72
14,17.26,5.1,17.94,5.11,16.05,5.0,27.83,23.1,31.28,26.43,26.85,23.81,30.86,26.83,33.44,27.8,34.12,28.72
15,17.26,5.1,17.94,5.11,16.05,5.0,27.83,23.1,31.28,26.43,26.85,23.81,30.86,26.83,33.44,27.8,34.12,28.72
16,17.26,5.1,17.94,5.19,16.05,5.0,27.83,23.17,31.24,26.43,26.85,23.83,30.86,26.81,33.31,27.8,34.0,28.72
17,17.26,5.14,17.94,5.62,16.05,5.02,27.83,23.24,31.15,26.43,26.85,23.87,30.8,26.77,33.15,27.8,33.8,28.7
18,17.26,5.24,17.98,6.46,16.05,5.27,27.83,23.34,31.01,26.43,26.85,23.94,30.71,26.74,32.9,27.8,33.51,28.67
19,17.26,5.34,18.21,7.61,16.05,5.53,27.83,23.45,30.83,26.43,26.85,24.03,30.58,26.7,32.56,27.76,33.16,28.61
20,17.26,5.46,18.54,9.05,16.05,5.78,27.83,23.59,30.64,26.43,26.85,24.14,30.4,26.64,32.16,27.71,32.74,28.5
21,17.26,5.67,18.98,10.68,16.05,5.99,27.83,23.69,30.36,26.43,26.85,24.25,30.18,26.6,31.82,27.64,32.36,28.38
22,17.26,5.84,19.46,12.21,16.05,6.17,27.83,23.8,30.12,26.4,26.85,24.31,29.97,26.56,31.46,27.54,32.0,28.25
23,17.26,5.86,19.96,13.58,16.05,6.17,27.83,23.83,29.87,26.36,26.85,24.31,29.76,26.5,31.12,27.42,31.64,28.09
24,17.26,5.87,20.28,14.86,16.05,6.17,27.74,23.83,29.61,26.32,26.85,24.31,29.54,26.44,30.82,27.34,31.29,27.94
25,17.26,5.95,20.51,16.05,16.05,6.45,27.6,23.83,29.32,26.27,26.85,24.31,29.29,26.37,30.51,27.25,30.96,27.82
26,17.26,5.95,20.64,17.17,16.05,7.0,27.44,23.83,29.09,26.22,26.85,24.31,29.07,26.27,30.17,27.17,30.63,27.67
27,17.26,6.13,20.69,18.24,16.05,7.77,27.29,23.83,28.84,26.13,26.85,24.31,28.83,26.17,29.88,27.07,30.27,27.56
28,17.26,6.58,20.69,19.24,16.31,8.75,27.14,23.83,28.64,26.03,26.85,24.31,28.57,26.08,29.59,26.95,29.96,27.44
29,17.26,7.2,20.69,20.09,16.7,9.84,26.97,23.83,28.41,25.93,26.85,24.31,28.33,25.98,29.32,26.84,29.65,27.34
30,17.26,7.89,20.96,20.73,17.14,10.87,26.81,23.83,28.17,25.84,26.75,24.31,28.1,25.9,29.05,26.71,29.35,27.2
31,17.26,8.73,21.28,21.19,17.46,11.82,26.67,23.83,27.95,25.76,26.61,24.31,27.9,25.82,28.83,26.57,29.07,27.07
32,17.26,9.52,21.66,21.45,17.69,12.73,26.51,23.83,27.74,25.69,26.46,24.31,27.69,25.73,28.52,26.48,28.82,26.94
33,17.48,10.26,22.08,21.53,17.83,13.59,26.32,23.83,27.5,25.61,26.32,24.31,27.51,25.66,28.25,26.39,28.56,26.81
34,17.74,10.97,22.51,21.55,17.97,14.41,26.18,23.83,27.33,25.51,26.16,24.31,27.31,25.58,27.98,26.25,28.32,26.67
35,17.93,11.65,22.66,21.57,18.06,15.2,26.0,23.83,27.15,25.4,25.98,24.31,27.12,25.49,27.75,26.14,28.08,26.51
36,18.08,12.3,22.78,21.59,18.11,15.96,25.82,23.83,26.96,25.29,25.8,24.31,26.89,25.42,27.52,26.02,27.86,26.37
37,18.18,12.86,22.85,21.61,18.14,16.62,25.7,23.83,26.8,25.2,25.64,24.31,26.7,25.34,27.36,25.9,27.67,26.24
38,18.27,13.35,22.88,21.63,18.15,17.19,25.6,23.83,26.65,25.14,25.49,24.31,26.54,25.26,27.19,25.77,27.49,26.14
39,18.3,13.6,22.9,21.64,18.15,17.49,25.53,23.83,26.54,25.12,25.43,24.31,26.44,25.21,27.1,25.74,27.41,26.06
40,18.33,13.82,22.9,21.64,18.16,17.75,25.49,23.83,26.47,25.11,25.38,24.31,26.37,25.18,27.0,25.69,27.3,26.06
